{"name":"ec4bcf40-9e63-422d-944b-8ba3bb25b02b","id":"/providers/Microsoft.Flow/flows/ec4bcf40-9e63-422d-944b-8ba3bb25b02b","type":"Microsoft.Flow/flows","properties":{"apiId":"/providers/Microsoft.PowerApps/apis/shared_logicflows","displayName":"GetAllVersions","definition":{"metadata":{"workflowEntityId":null,"creator":{"id":"e00021a6-13e3-470b-9640-56f5ba3a300e","type":"User","tenantId":"f5f22c9a-b474-407b-a8d3-a69961d4a1d3"},"provisioningMethod":"FromDefinition","failureAlertSubscription":true,"clientLastModifiedTime":"2019-12-30T13:51:03.184073Z"},"$schema":"https://schema.management.azure.com/providers/Microsoft.Logic/schemas/2016-06-01/workflowdefinition.json#","contentVersion":"1.0.0.0","parameters":{"$connections":{"defaultValue":{},"type":"Object"},"$authentication":{"defaultValue":{},"type":"SecureObject"}},"triggers":{"manual":{"type":"Request","kind":"PowerApp","inputs":{"schema":{"type":"object","properties":{"ColumnName_Value":{"type":"string","description":"Enter initial value","x-ms-powerflows-param-ispartial":false},"SiteAddress_Value":{"type":"string","description":"Enter initial value","x-ms-powerflows-param-ispartial":false},"ListName_Value":{"type":"string","description":"Enter initial value","x-ms-powerflows-param-ispartial":false},"ListItemID_Value":{"type":"integer","description":"Enter initial value","x-ms-powerflows-param-ispartial":false}},"required":["ColumnName_Value","SiteAddress_Value","ListName_Value","ListItemID_Value"]}}}},"actions":{"ListItemID":{"runAfter":{"ListName":["Succeeded"]},"type":"InitializeVariable","inputs":{"variables":[{"name":"ListItemID","type":"Integer","value":"@triggerBody()['ListItemID_Value']"}]}},"Send_an_HTTP_request_to_SharePoint":{"runAfter":{"ListItemID":["Succeeded"]},"metadata":{"flowSystemMetadata":{"swaggerOperationId":"HttpRequest"}},"type":"ApiConnection","inputs":{"host":{"connection":{"name":"@json(decodeBase64(triggerOutputs().headers['X-MS-APIM-Tokens']))['$connections']['shared_sharepointonline']['connectionId']"},"api":{"runtimeUrl":"https://flow-apim-msmanaged-na-westus2-01.azure-apim.net/apim/sharepointonline"}},"method":"post","body":{"method":"GET","uri":"/_api/web/lists/GetByTitle('@{variables('ListName')}')/Items(@{variables('ListItemID')})/Versions","headers":{"Accept":"application/json; odata=nometadata"}},"path":"/datasets/@{encodeURIComponent(encodeURIComponent(variables('SiteAddress')))}/httprequest","authentication":{"type":"Raw","value":"@json(decodeBase64(triggerOutputs().headers['X-MS-APIM-Tokens']))['$ConnectionKey']"}}},"Parse_JSON":{"runAfter":{"Send_an_HTTP_request_to_SharePoint":["Succeeded"]},"type":"ParseJson","inputs":{"content":"@body('Send_an_HTTP_request_to_SharePoint')","schema":{"type":"object","properties":{"value":{"type":"array","items":{"type":"object","properties":{"Comment":{"type":"string"}},"required":["Comment"]}}}}}},"AppendComment":{"runAfter":{},"type":"InitializeVariable","inputs":{"variables":[{"name":"AppendComment","type":"String","value":"<div class=\"ReactFieldEditor-AppendedData\"><div>"}]}},"ColumnName":{"runAfter":{"AppendComment":["Succeeded"]},"type":"InitializeVariable","inputs":{"variables":[{"name":"ColumnName","type":"String","value":"@triggerBody()['ColumnName_Value']"}]}},"SiteAddress":{"runAfter":{"ColumnName":["Succeeded"]},"type":"InitializeVariable","inputs":{"variables":[{"name":"SiteAddress","type":"String","value":"@triggerBody()['SiteAddress_Value']"}]}},"ListName":{"runAfter":{"SiteAddress":["Succeeded"]},"type":"InitializeVariable","inputs":{"variables":[{"name":"ListName","type":"String","value":"@triggerBody()['ListName_Value']"}]}},"Apply_to_each":{"foreach":"@body('Parse_JSON')?['value']","actions":{"Compose":{"runAfter":{},"type":"Compose","inputs":"@formatdatetime(items('Apply_to_each')['Modified'],'MM/dd/yyyy hh:mm tt')"},"Append_to_string_variable":{"runAfter":{"Compose":["Succeeded"]},"type":"AppendToStringVariable","inputs":{"name":"AppendComment","value":"@concat('<div style=\"margin-bottom:5px;\">',items('Apply_to_each')['Author'] ['LookupValue'],' (<span style=\"color: rgb(3, 131, 135)\">',outputs('Compose'),'</span>)',': ',items('Apply_to_each') [variables('ColumnName')],'</div>')"}}},"runAfter":{"Parse_JSON":["Succeeded"]},"type":"Foreach"},"Respond_to_a_PowerApp_or_flow":{"runAfter":{"Apply_to_each":["Succeeded"]},"type":"Response","kind":"PowerApp","inputs":{"statusCode":200,"body":{"result":"@variables('AppendComment')"},"schema":{"type":"object","properties":{"result":{"title":"Result","x-ms-dynamically-added":true,"type":"string"}}}}}}},"connectionReferences":{"shared_sharepointonline":{"connectionName":"4de182ebfb814419957c61d68073e5b7","source":"Invoker","id":"/providers/Microsoft.PowerApps/apis/shared_sharepointonline","tier":"NotSpecified"}},"flowFailureAlertSubscribed":false}}