{"name":"a4c3fb0d-5388-4df3-9da9-59a3cb0ee8eb","id":"/providers/Microsoft.Flow/flows/a4c3fb0d-5388-4df3-9da9-59a3cb0ee8eb","type":"Microsoft.Flow/flows","properties":{"apiId":"/providers/Microsoft.PowerApps/apis/shared_logicflows","displayName":"Copy of - Convert PDF ","definition":{"metadata":{"workflowEntityId":null,"creator":{"id":"e00021a6-13e3-470b-9640-56f5ba3a300e","type":"User","tenantId":"f5f22c9a-b474-407b-a8d3-a69961d4a1d3"},"provisioningMethod":"FromDefinition","failureAlertSubscription":true,"clientLastModifiedTime":"2020-06-03T21:58:38.8529996Z"},"$schema":"https://schema.management.azure.com/providers/Microsoft.Logic/schemas/2016-06-01/workflowdefinition.json#","contentVersion":"1.0.0.0","parameters":{"$connections":{"defaultValue":{},"type":"Object"},"$authentication":{"defaultValue":{},"type":"SecureObject"}},"triggers":{"manual":{"type":"Request","kind":"Button","inputs":{"schema":{"type":"object","properties":{},"required":[]}}}},"actions":{"Create_file":{"runAfter":{},"metadata":{"flowSystemMetadata":{"swaggerOperationId":"CreateFile"}},"type":"ApiConnection","inputs":{"host":{"connection":{"name":"@json(decodeBase64(triggerOutputs().headers['X-MS-APIM-Tokens']))['$connections']['shared_onedriveforbusiness']['connectionId']"},"api":{"runtimeUrl":"https://flow-apim-msmanaged-na-centralus-01.azure-apim.net/apim/onedriveforbusiness"}},"method":"post","body":"@concat('<!DOCTYPE html>\r\n<html>\r\n<head>\r\n<style>\r\ntable {\r\n  font-family: arial, sans-serif;\r\n  border-collapse: collapse;\r\n  width: 100%;\r\n}\r\n\r\ntd, th {\r\n  border: 1px solid #dddddd;\r\n  text-align: left;\r\n  padding: 8px;\r\n}\r\n\r\ntr:nth-child(even) {\r\n  background-color: #dddddd;\r\n}\r\n</style>\r\n</head>\r\n<body>\r\n\r\n<h2>HTML Table</h2>\r\n\r\n<table>\r\n  <tr>\r\n    <th>Company</th>\r\n    <th>Contact</th>\r\n    <th>Country</th>\r\n  </tr>\r\n  <tr>\r\n    <td>Alfreds Futterkiste</td>\r\n    <td>Maria Anders</td>\r\n    <td>Germany</td>\r\n  </tr>\r\n  <tr>\r\n    <td>Centro comercial Moctezuma</td>\r\n    <td>Francisco Chang</td>\r\n    <td>Mexico</td>\r\n  </tr>\r\n  <tr>\r\n    <td>Ernst Handel</td>\r\n    <td>Roland Mendel</td>\r\n    <td>Austria</td>\r\n  </tr>\r\n  <tr>\r\n    <td>Island Trading</td>\r\n    <td>Helen Bennett</td>\r\n    <td>UK</td>\r\n  </tr>\r\n  <tr>\r\n    <td>Laughing Bacchus Winecellars</td>\r\n    <td>Yoshi Tannamuri</td>\r\n    <td>Canada</td>\r\n  </tr>\r\n  <tr>\r\n    <td>Magazzini Alimentari Riuniti</td>\r\n    <td>Giovanni Rovelli</td>\r\n    <td>Italy</td>\r\n  </tr>\r\n</table>\r\n\r\n</body>\r\n</html>')","path":"/datasets/default/files","queries":{"folderPath":"/MHD","name":"Video.html"},"authentication":{"type":"Raw","value":"@json(decodeBase64(triggerOutputs().headers['X-MS-APIM-Tokens']))['$ConnectionKey']"}},"runtimeConfiguration":{"contentTransfer":{"transferMode":"Chunked"}}},"Convert_file_using_path":{"runAfter":{"Create_file":["Succeeded"]},"metadata":{"flowSystemMetadata":{"swaggerOperationId":"ConvertFileByPath"}},"type":"ApiConnection","inputs":{"host":{"connection":{"name":"@json(decodeBase64(triggerOutputs().headers['X-MS-APIM-Tokens']))['$connections']['shared_onedriveforbusiness']['connectionId']"},"api":{"runtimeUrl":"https://flow-apim-msmanaged-na-centralus-01.azure-apim.net/apim/onedriveforbusiness"}},"method":"get","path":"/datasets/default/ConvertFileByPath","queries":{"path":"@body('Create_file')?['Path']","type":"PDF"},"authentication":{"type":"Raw","value":"@json(decodeBase64(triggerOutputs().headers['X-MS-APIM-Tokens']))['$ConnectionKey']"}}},"Create_file_2":{"runAfter":{"Convert_file_using_path":["Succeeded"]},"metadata":{"flowSystemMetadata":{"swaggerOperationId":"CreateFile"}},"type":"ApiConnection","inputs":{"host":{"connection":{"name":"@json(decodeBase64(triggerOutputs().headers['X-MS-APIM-Tokens']))['$connections']['shared_onedriveforbusiness']['connectionId']"},"api":{"runtimeUrl":"https://flow-apim-msmanaged-na-centralus-01.azure-apim.net/apim/onedriveforbusiness"}},"method":"post","body":"@body('Convert_file_using_path')","path":"/datasets/default/files","queries":{"folderPath":"/MHD","name":"Oscar.PDF"},"authentication":{"type":"Raw","value":"@json(decodeBase64(triggerOutputs().headers['X-MS-APIM-Tokens']))['$ConnectionKey']"}},"runtimeConfiguration":{"contentTransfer":{"transferMode":"Chunked"}}}}},"connectionReferences":{"shared_onedriveforbusiness":{"connectionName":"3a62a0b3d92749649c6126de0d96957e","source":"Invoker","id":"/providers/Microsoft.PowerApps/apis/shared_onedriveforbusiness","tier":"NotSpecified"}},"flowFailureAlertSubscribed":false}}